"drug","mean_intensity","std_error","p_val","adj_p_val"
"Y-27632",20466.9333782278,1.8191827535874,0.117393861906565,0.26299274225503
"Exendin-4",9852.77167288256,0.951483117900024,0.225422350504311,0.26299274225503
"Fingolimod",9753.91872849539,0.683075877379868,0.152435501584057,0.26299274225503
"MFGE8",9270.17111615259,0.695983698999432,0.201613852916788,0.26299274225503
"TUDCA",8342.13968563234,0.789252813277028,0.166188198376435,0.26299274225503
"AICAR",7887.89144655013,0.498651524800637,0.108937274404967,0.26299274225503
"AICAR + TUDCA",4903.17955774009,0.216507900114471,0.298606529415915,0.298606529415915
"DMSO control",4247.21321913456,703.45849932079,1,1
